Segment,Revenue Brand 1,Revenue Brand 2,Revenue Brand 3,Revenue Brand 4,Revenue Brand 5,Total Revenue,Segment_prop
fewer-opportunities,2258.9,13955.14,716.25,1629.31,2230.5,20790.100000000002,0.378
Standard,2611.19,4768.52,3909.17,861.38,2439.75,14590.01,0.206
carrer-focused,736.09,1746.42,664.75,2363.84,19441.06,24952.160000000003,0.22
well-off,699.47,1298.23,731.35,14185.57,5509.6900000000005,22424.309999999998,0.196
