Segments,Brand_1,Brand_2,Brand_3,Brand_4,Brand_5
0.0,0.13756678262363708,0.6811901791919918,0.020922882658487237,0.06154784354304019,0.09877231198284375
1.0,0.2511864422400998,0.3965021167991448,0.15648081846327433,0.0594741213684227,0.1363565011290584
2.0,0.0728710013711553,0.14680751016709392,0.03997583681731915,0.11239491480693808,0.6279507368374935
3.0,0.04192844949941523,0.1174216464774982,0.03060998895660564,0.6136230454310493,0.19641686963543162
