Segment,N_Visits,N_Purchases,prop_n_purchases
0.0,113.73015873015873,22.756613756613756,0.2015881769726562
1.0,117.69902912621359,24.902912621359224,0.212773127956036
2.0,123.45454545454545,39.82727272727273,0.28310170570018306
3.0,117.29591836734694,34.60204081632653,0.28447796818905674
