Segment,N_Visits,N_Purchases,prop_n_purchases
0.0,16.410498406611367,13.81504041484687,0.12033470910102727
1.0,19.039605239489973,16.77446388092001,0.12660304498947025
2.0,44.86465607212866,53.74452975636011,0.2000561348047741
3.0,20.716151965089708,25.90057906287292,0.17178714120995417
