Segment_KMeans,Sex,Marital status,Age,Education,Income,Occupation,Settlement size,n_obs,n_prop
fewer-opportunities,0.351409978308026,0.019522776572668113,35.54229934924078,0.7440347071583514,97802.72451193059,0.3297180043383948,0.04338394793926247,461,0.2305
Standard,0.8539007092198582,0.9971631205673759,28.963120567375885,1.0680851063829788,105759.11914893617,0.6340425531914894,0.4226950354609929,705,0.3525
carrer-focused,0.02982456140350877,0.1736842105263158,35.63508771929825,0.7333333333333333,141218.24912280703,1.2719298245614035,1.5228070175438597,570,0.285
well-off,0.5037878787878788,0.6893939393939394,55.68939393939394,2.128787878787879,158209.0946969697,1.125,1.106060606060606,264,0.132
